{
  "extends": ["tslint:recommended", "rxjs-tslint-rules", "tslint-config-prettier"],
  "rulesDirectory": ["node_modules/codelyzer"],
  "defaultSeverity": "error",
  "rules": {
    "component-selector": [
      true,
      "element",
      [
        "app",
        "codes",
        "footer",
        "game",
        "header",
        "level",
        "main",
        "monitoring",
        "no-content",
        "saved",
        "search",
        "team",
        "total"
      ],
      "kebab-case"
    ],
    "interface-name": false,
    "max-classes-per-file": false,
    "member-access": true,
    "member-ordering": [
      true,
      {
        "order": ["static-field", "instance-field", "static-method", "instance-method"]
      }
    ],
    "no-any": true,
    "object-literal-sort-keys": false,
    "ordered-imports": false,
    "rxjs-finnish": {
      "options": [
        {
          "functions": false,
          "methods": false,
          "parameters": false,
          "properties": false,
          "variables": true
        }
      ],
      "severity": "warning"
    },
    "rxjs-no-internal": {
      "severity": "error"
    },
    "rxjs-no-subject-unsubscribe": {
      "severity": "error"
    },
    "rxjs-no-unsafe-takeuntil": {
      "options": [
        {
          "allow": ["publish", "publishBehavior", "publishLast", "publishReplay", "share", "shareReplay"]
        }
      ],
      "severity": "error"
    },
    "rxjs-no-do": false
  },

  "linterOptions": {
    "exclude": ["src/polyfills.ts"]
  }
}
